Page,Nama Reviewer,Rating,Tanggal Review,Isi Review,Wangi,Tips Pengguna,Pengalaman Penggunaan,Tekstur,Manfaat,Cocok untuk,Performa,Barang pastinya ori karena beli di official store dan suka banget sama Skin1004. Walau ukurannya travel size tapi packaging nya tetap ada kotaknya dong,Cocok Untuk,Kandungan,Ukuran,Profil Kecantikan,Efektivitas,Kemasan
1,damayantilusii,5,2024-10-05 12:47,Worit yah untuk harga segitu keren bagus sihh seller amanah harga terjangkau kurirnya baik the best🤩🤩🤩👍,-,-,-,cukup memuaskan dan sesuai ekspektasi,-,sangat efektif,-,-,-,-,berukuran kecil dan mudah dibawa kemana mana,-,-,-
1,i*****6,5,2024-12-08 14:24,terimakasih cepet banget pengiriman nya respon nya sangat baik semoga cocok 🫰,-,-,-,tekstur nya sangat lembut,-,aman untuk kulit sensitif,-,-,-,-,ukuran ny sangat mini dan aman untuk di bawa bawa saya suka,-,-,-
1,2*****m,5,2024-07-22 16:46,"Barang sesuai deskripsi, barang sesuai gambar, barang sesuai pilihan, barang sesuai pesanan, barang bagus tidak ada yang lecet atau rusak sedikit pun , harga murah , pengemasan rapi , pengiriman cepat , look nya cakep banget untuk harga semurah ini ,  nyaman dipakai , semoga awet, tekstur lembut , semoga bisa cocok",-,-,-,bagus,-,kulit,-,-,-,-,sedang,-,-,-
1,t*****l,5,2024-07-08 11:30,Pake ini berasa muka aku bersih banget Dipakr dikit aja udah bisa membersihkan seluruh muka aku dengan baik Pengirimannya cepat Bublewrapnya tebal Kurir ramah Terima kasih,-,-,-,seperti crram,-,kulit wajah,-,-,-,-,travel size,-,-,-
1,d*****8,5,2024-12-15 18:10,"beli pas 12.12 kemarin pengirimannya lumayan cepat hanya 3hari, dan 4 pcs ini dapet harga 135, jadi lumayan banget potongannya, pertama kali coba produk ini semua hasilnya bagus dan cocok, overall good, thank you seller!!!!",-,-,-,lembut,-,wajah,-,-,-,-,mudah di bawa,-,-,-
1,a*****h,5,2024-08-24 15:12,,-,-,-,nyaman dipakai,-,all skin type,-,")). Mau coba dulu versi mini nyaa apakah benar2 khasiat seperti video2 skintok hehe. Lagi nyari skin1004 foam mana yang sebenarnya cocok dikulitku yang tipe dry skin ini. Thankyou seller, pengiriman cepat dan packaging aman jaya. 💕🙏🏻",-,-,mini travel size,-,-,-
2,belindaizoel,5,2022-05-12 19:37,"dijamin original 100% karena beli di officialnya, packing rapi, kardus dan produknya pake bubble wrab lagi jadi aman, admin fast response dan pengiriman cepat sampe",-,-,-,cream padat,-,-,-,-,-,centella,-,-,membersihkan kotoran dan mengangkat sel kulit mati,-
2,i*****9,5,2024-12-07 16:05,"Expired date masih lama, pengiriman cepat. Pengemasan sangat aman, ada bubble wrap & dus. Recommended seller. Thank you seller & ekspedisi",-,-,-,ringan dan nyaman di kulit,-,semua jenis kulit,-,-,-,-,kecil dan mudah dibawa,-,-,-
2,windalestari595,5,2025-02-24 17:31,"Wow ini bagus banget,saya suka banget dengan produk nya centella ini,membuat wajah saya menjadi lebih putih,bersih dan glowing,saya bakal jadi langganan deh di toko nya centella ini,untuk pengirimannya juga cepat banget 3 hari langsung sampai,kurirnya pun ramah,pokoknya mantap banget deh 😇🥰❤❤❤",-,-,-,lembut,-,kulit kombinasi,-,-,-,-,kecil,-,-,-
2,noviarista,5,2022-09-10 17:23,Alhamdulilah paket sdh diterima lengkap ga kurang satupun... cepet nyampenya.. sudah ga keitung udh keberapa kalinya beli di toko ini.. thanks seller,-,-,-,good,-,-,keren,-,muka,-,-,-,-,-
2,shintamega93,5,2022-08-16 18:10,"Udah lama pengen nyobain ampoule foam-nya skin1004. Teksturnya enak banget, lembut dan yg penting ga bikin muka kerasa ketarik habis cuci muka. Beli mini size, cocok buat dibawa kemana-mana. Fix, bakal repurchase ini mah.",-,-,-,lembut,-,-,nyaman dikulit,-,all skin type,-,-,-,-,-
2,s*****a,5,2024-03-17 20:38,"Baru pertama kali nyobain skin1004, semoga cocok. Teksturnya lembut, gentle, jadi cocok utk yg berjerawat. Packing rapi, tidak ada kurang sedikitpun.",-,-,-,-,untuk membersihkan wajah,-,-,-,-,-,-,cleansing foam,-,aman
3,suciiprshop28,5,2024-11-18 12:13,"Sampai dgn selmat dan cepat, packaging yg oke, tekstur yg lembut dgn tampilan yg bagus dan mewah",-,-,-,lembut,-,wajah,-,-,-,-,ukuran kecil murah dan mudah di bawa kemana aja,-,-,-
3,w*****y,5,2024-12-18 08:01,"Beli yang basic 5 dapet bonus ini 😁, pengiriman cepet respon penjual cepet packingnya juga rapih",-,-,-,lembut dan nyaman,-,efektif untuk kulit kering,-,-,-,-,berukuran kecil mudah dibawa,-,-,-
3,c*****a,5,2024-11-20 16:27,"Foam ini cocok untuk kulit sensitif ataupun normal, saya berkulit sensitif, sangat membantu melembabkan dan menyegarkan, tetapi tidak membuat berminyak yang berlebih, karena ukuran 30ml sehingga sangat mudah untuk digunakan dimana saja dan masuk pouch kecil pun cukup. Bisa membersihkan secara menyeluruh pada pori2 kecil pun",-,-,-,lembut dan menyegarkan,-,sensitif ataupun normal,-,-,-,-,30ml sangat mudah dibawa kemana mana,-,-,-
3,ramonayup,5,2023-08-07 16:28,"bismillah perdana order utk coba toner yg lg hype, yg kata temen akan membuat hasil wajah yg sempurna dan unbelievable .. trs diskon pula 🥹 150k dpt toner 210ml & foam 20ml 😭 barang sampai dgn aman dan selamat sampai tujuan. pengiriman dan packingan dari seller jg cepet banget. thankyou",-,-,-,-,-,-,-,-,-,-,-,-,-,-
3,p*****f,5,2022-07-31 07:12,"Enak bgt rasanya pas dipake, ukurannya pas buat traveling, niatnya coba dulu yg travel size kalo cocok baru beli yg ukuran gedenya",-,-,-,creamy foam,-,-,oke,-,a skin type,-,-,-,-,-
3,fitrihanda09,5,2023-04-12 23:06,"Pertama kali cobain Ampoule Foam dari SKIN1004 bener2 bagus banget. Ampoule foam yang bisa melembabkan dan menenangkan kulit. Teksturnya lembut warna coklat. Ada wanginya tapi tidak mengganggu karena soft. Busanya lumayan banyak jadi bisa lebih irit pake nya hehe. Sesuai klaim produknya,  Kulit aku jadi lebih bersih sampe ke dalam, wajah jadi cerah, tetap lembab dan tidak bikin kulit ketarik sehabis cuci muka. Efek soothing dari ampoule nya dapet banget sih. Aku baru pake 3harian dan sudah keliatan hasilnya. Di aku jerawat yang merah2 jadi mulai kering tapi wajah tetep lembab. Pokoknya ini Foam ter-gentle yang pernah aku coba. Next bakal beli lagi tapi yang gede ♥️😍",-,Basahi tangan ambil produk secukupnya,-,-,Membersihkan kotoran di wajah,-,-,-,-,-,-,-,-,Travel kit
4,g*****i,5,2023-10-26 08:00,"Sabun unt cleansing foam, exp aman masih lama 2026. Baru pertama kali coba, semoga cocok. Pengemasan cepat dan aman, pengiriman cepat. Pas bgt banyak diskon, 3 itrm cuma 133k.",-,-,-,-,-,-,-,-,-,-,-,-,-,-
4,i*****1,5,2024-11-04 16:52,"Pengemasan aman, paket cepat sampai, semoga produk cocok di wajahku seperti produk skin angel yg lain, thks seller 👍🏻",-,-,-,creamy,-,semua jenis kulit,-,-,-,-,travel size,-,-,-
4,nrzlptr19,4,2024-01-06 14:17,"Paket y sudah sampai, kurir y juga ramah harga juga worth it buat isi segitu dan dapat diskon juga wak tu kmrn beli, moga aja cocok make y",-,-,-,-,-,-,-,-,-,-,-,-,-,-
4,f*****a,5,2024-04-16 06:24,"Membuat kulit tidak terasa ketarik saat setelah cuci muka, teksturnya lembut, pakai sedikit saja sudah bisa membersihkan seluruh wajah",-,-,bagus produknya,-,-,-,-,-,-,-,-,jenis kulit kombinasi,-,-
4,l*****i,5,2024-04-24 15:48,"First time use, teksturnya cream to foamy dan super lembut pas apply cuci mukanya. After washed and wiped, hasilnya muka bersih, lembab dan cerah 💕",-,-,-,cream foam,-,wajah,-,-,-,-,travel size,-,-,-
4,n*****n,5,2023-01-20 21:25,"Pengiriman oke, packagingnya juga savety. Semoga cocok untuk kulitku yg selama ini belum menemukan skincare yg tepat 😅😅",-,-,-,Belum dibuka,-,-,"Semoga oke, belum dicoba",-,Kulit wajah,-,-,-,-,-
5,f*****2,5,2024-12-19 18:30,"thank u skin1004 ampoule foam nya sudah sampai, aku masi mau coba yg small size dulu kalo cocok bakal beli yg big size",-,-,-,memuaskan dan sesuai harapan,-,kulit putih akan terlihat lebih cerah,-,-,-,-,berukuran kecil dan mudah di bawa,-,-,-
5,m*****r,5,2024-12-01 12:52,"FW nya enak banget dan cocok di kulit ku yang super sensitiff, pake nya sedikit aja karena busanya udah banyak",-,-,-,Lembut,-,Kulit sensitif,-,-,-,-,Pas,-,-,-
5,a*****a,5,2024-12-26 13:20,"Baru sampai , pengiriman lumayan cepet Suka aja order yg kecil karena lucu imut 😁 Gampang dibawa traveling Next order lagi yg banyakk😁😁",-,-,-,lembut,-,kulit sensitif,-,-,-,-,kecil,-,-,-
5,dinda_ayu_lestari.24,5,2025-03-10 15:49,"Sudah pemakaian ketiga ini. Banyak busanya tapi ngga bikin kering, bisa mengatasi jerawat juga, dan tidak perih di mata serta tdak mengandung parfum.",-,-,-,lembu dan tidak lengket,-,kukit berjerawat dan beruntusan,-,-,-,-,kecil sehingga travel friendly,-,-,-
5,princess.clo,5,2023-04-14 12:02,"Pengiriman lmyn cepat. Produknya blm dicoba sih. Btw ini first try produk skin 1004 wkwk. Makanya beli yg kemasan kecil dulu. Produknya imut2, mini. Semoga cocok yah. Aku percaya kok produknya pasti bagus ❤💚💛",-,-,blm,-,calming,-,-,-,-,-,-,-,-,bagus
5,melilistiani,5,2025-04-08 19:09,"Maaf gak kepoto yg kecil karna udh habis, bagus bgt cocok dimuka aku yg berminyak, komedo jd berkurang bgt, rekomen",-,-,-,lembut,-,wajah,-,-,-,-,mudah dibawa,-,-,-
6,ellynurliyah,5,2023-12-11 10:11,"Suka banget sama semua produk nya skin 1004 ga ada wangi, enak di pakai untuk kulit ku sengaja beli versi mungil2 untuk traveling aku jd ga usah lg pindah2 in ke botol2 kecil. Thank you kirimannya",-,-,-,-,-,-,-,-,-,-,-,-,-,-
6,a*****0,5,2024-12-16 07:29,"Udah ditandain dr lama mau nyoba, akhirnya CO pas tanggal kembar. Semoga cocok di kulit aku yg sensitif. Pengiriman cepet, packing sangat aman. Thanks!",-,-,-,krim,-,kulit sensitif,-,-,-,-,traveling-able,-,-,-
6,vpcgk5h_mv,5,2024-12-20 18:11,"Baru coba, so far bikin kulit terhidrasi dan lembut, bersihin kotoran baik dan tdk iritasi, semoga bisa makin baik di kulit",-,-,-,cream,-,sensitive,-,-,-,-,travell,-,-,-
6,rindukirania,5,2024-12-16 14:10,Mudah mudahan cocok untuk dipakai melembabkan kulit saya,-,-,-,lembut dan mudah diaplikasikan pada kulit,-,kulit putih akan terlihat lebih cerah,-,-,-,-,berukuran kecil dan mudah untuk dibawa,-,-,-
6,dhikakiku_,5,2024-02-15 13:29,"Jujurly pertama menggunakan ini. Mau beli produk inii tarik ulur terus, pas promo langsung co dan ternyata cocok karena memang aku terbiasa menggunakan physical sunscreen. Hasilnya bagus, ada white cast dikit tp lama2 nyerap warnanya. Dulu pakai produk korea juga namun sudah discontinued dan sekarang beralin kesini dan ternyata sebagus itu. Thanks 😊",ga seharum sunscreen tetangga,Digunakan sebelum beraktivitas. cukup sehari ini sekali jika penggunaan makeup lain yg mengandung spf dan pa juga karena cukup awet,-,-,hasil akhir matte and muka keliatan seger,-,-,-,-,-,-,-,-,-
6,l*****e,5,2024-11-14 18:24,"Pas banget 11.11 jadi harganya cuma setengah dari harga asli, lumayan banget, semoga cocok dipakai karena lagi nyari facial wash juga",-,-,-,Cair,-,Semua,-,-,-,-,Travel size,-,-,-
7,giaamu1,5,2024-07-31 19:42,Makasih ya kak sudah datang dan sesuai pesanan.. suka bgt deh eh dpt free lagi,-,-,-,krim lembut dan mudah di aplikasikan,-,kulit sensitif,-,-,-,-,kecil dan mudah dibawa,-,-,-
7,rahmahera28,5,2022-11-12 21:24,"Pake ampoule foam ini selalu rutin aku gunakan dengan air hangat biar keliatan efektifitasnya sesuai petunjuk yang tertera dicara penggunaan. Dan hasilnya bagus banget. Wajah terasa bersih, seger, tanpa ada rasa ketarik dan bikin cerah. Pori-pori yang awalnya keliatan banget, makin kesini makin ketutup setelah aku pake ampoule foam ini.",-,-,-,-,-,-,-,-,-,-,-,-,-,-
7,a*****z,5,2024-08-04 07:47,Belum nyoba. Tapi banyak review yang bilang bagus. Btw packaging aman dan ada kerdusnya. Sampai sesuai pesanan oke good.,-,-,-,krim,-,all type skin,-,-,-,-,kecil,-,-,-
7,a*****y,5,2024-08-04 18:38,kecil dan cocok untuk dibawa travel maupun mau di coba🙌🏻🙌🏻🙌🏻 pengirimannya juga cepet bgt dan selalu suka sama produk skin 1004,-,-,-,seperti sabun cuci muka,-,-,-,-,-,-,-,-,-,-
7,imelda805,5,2024-12-22 11:21,pertama kali cobain ini dan ternyata bagus bgt nangis 😭💖😭💖😭💖😭💖 aduh jadi cocok deh ini wkwk dapet harga flash sale jadi 101 doang thank you banget kak hahaha,-,-,-,cair tapi gak terlalu cair,-,kulit kombinasi,-,-,-,-,mudah dibawa kemana pun,-,-,-
7,r*****l,5,2024-10-23 10:15,"Udh langganan beli disini , order yang kecil karena buat traveling , jadi lebih nyaman bawa yang mini gini , pemakaian udah mau 2 tahun cocok pakek produk ini. Terima Kasih",-,-,-,kental dan tidak cair,-,kulit sensitiv,-,-,-,-,berukuran kecil mudah di bawa,-,-,-
8,d*****_,5,2024-12-18 16:46,baru pertama kali mau cobain produk skin angel semoga aja cocok ☺️❤️ exp date masih lama 2027 ✨,-,-,-,"kental, mudah di aplikasikan",-,kulit berjerawat,-,-,-,-,travel size mudah dibawa kemana mana,-,-,-
8,c*****a,5,2023-08-15 13:05,"Ampoulenya mini enak bgt ini pake setitik aja udh cukup di muka ga ada rasa yg bkin cekit2, perih dll, bener2 kalem lembut ga aneh2 dan enak dipakenya, rasanya muka bersih dan jerawat membaik, makasih banyak skin1004 🥰",-,-,-,-,-,-,-,-,-,-,-,-,-,-
8,miraa035,4,2023-08-12 18:27,"Sementara itu, untuk kemasan kedua yang dipakai pada varian Madagascar Centella Air-Fit Suncream Plus juga hadir dalam ukuran 50 ml. Uniknya, sunscreen ini justru terlihat lebih compact dan bisa  dibawa kemana-mana, bahkan dimasukkan ke dalam pouch kecil sekalipun. Dengan begitu, proses reapply sunscreen pun jadi lebih mudah.  Yup, hal itu berkat kemasan berbentuk flat bottle dengan tutup screw cap yang cenderung lebih simple. Bagian lubang tempat keluarnya sunscreen pun terbilang ideal. Sunscreen tetap mudah keluar, namun satu sisi juga masih bisa terjamin kehigienisannya.",-,-,-,-,-,-,-,-,-,-,-,-,-,-
8,n*****i,5,2024-03-19 04:12,"Wah dpt bonus ss stick super matte.. Ampoule foam nya enak bgt. Endingnya seger, gak ada ketarik"" kulitnya. Tinggal nunggu tonernya ready nih. udah nipis bgt..",-,-,-,-,-,-,-,-,-,-,-,-,-,-
8,spillbydhan,5,2024-10-23 09:40,"Barang sudah diterima dengan baik terima kasih seller dan kurir 🙏 Namun belum aku gunakan, karena masih ada facial foam sebelumnya.. semoga cocok ya..",-,-,-,cair,-,kulit sensitif,-,-,-,-,travel/small,-,-,-
8,Nama tidak ditemukan,-,-,-,-,-,-,-,-,-,-,-,-,-,-,-,-,-
